Workbook
Name ChatGPT: 'Data (Vektor)'!$B:$B

Sheet Form Responses 1
A1: Timestamp | B1: Nama Lengkap | C1: Program Studi | D1: Semester | E1: Seberapa sering kamu menggunakan ChatGPT untuk kegiatan akademik? | F1: Seberapa sering kamu menggunakan ChatGPT untuk kegiatan non-akademik? | G1: Seberapa sering kamu menggunakan ChatGPT untuk mencari informasi umum? | H1: Seberapa puas kamu dengan hasil yang diberikan ChatGPT? | I1: Seberapa sering kamu menggunakan Gemini untuk kegiatan akademik? | J1: Seberapa sering kamu menggunakan Gemini untuk kegiatan non-akademik? | K1: Seberapa sering kamu menggunakan Gemini untuk mencari informasi umum? | L1: Seberapa puas kamu dengan hasil yang diberikan Gemini? | M1: Seberapa sering kamu menggunakan Claude untuk kegiatan akademik? | N1: Seberapa sering kamu menggunakan Claude untuk kegiatan non-akademik? | O1: Seberapa sering kamu menggunakan Claude untuk mencari informasi umum? | P1: Seberapa puas kamu dengan hasil yang diberikan Claude? | Q1: Email Address
A2: 46161.683 | B2: zidni a | C2: Pendidikan Ilmu Komputer | D2: Sem 2 | E2: 2 | F2: 2 | G2: 2 | H2: 2 | I2: 5 | J2: 5 | K2: 5 | L2: 5 | M2: 5 | N2: 2 | O2: 2 | P2: 5 | Q2: jitnisitni@gmail.com
A3: 46161.682 | B3: Lionel | C3: Pendidikan Ilmu Komputer | D3: Sem 2 | E3: 3 | F3: 4 | G3: 4 | H3: 3 | I3: 4 | J3: 3 | K3: 2 | L3: 3 | M3: 5 | N3: 5 | O3: 5 | P3: 5 | Q3: lionelshtg07@student.upi.edu
A4: 46161.682 | B4: Zahra Kinara Maulana | C4: Pendidikan Ilmu Komputer | D4: Sem 2 | E4: 4 | F4: 4 | G4: 4 | H4: 4 | I4: 1 | J4: 2 | K4: 2 | L4: 2 | M4: 1 | N4: 1 | O4: 1 | P4: 1 | Q4: kinara.zahra21@student.upi.edu
A5: 46161.684 | B5: Nazhwa | C5: Pendidikan Ilmu Komputer | D5: Sem 2 | E5: 5 | F5: 5 | G5: 5 | H5: 5 | I5: 3 | J5: 4 | K5: 5 | L5: 4 | M5: 1 | N5: 1 | O5: 1 | P5: 1 | Q5: nazhwaazahra@student.upi.edu
A6: 46161.693 | B6: Isnaeni hidayatul ashifa | C6: Pendidikan Ilmu Komputer | D6: Sem 2 | E6: 5 | F6: 5 | G6: 1 | H6: 4 | I6: 1 | J6: 3 | K6: 3 | L6: 3 | M6: 1 | N6: 1 | O6: 1 | P6: 1 | Q6: isnaenihidayatulashifa@student.upi.edu
A7: 46161.706 | B7: dimsumenakkk | C7: Ilmu Komputer | D7: Sem 4 | E7: 5 | F7: 5 | G7: 4 | H7: 4 | I7: 5 | J7: 4 | K7: 3 | L7: 4 | M7: 1 | N7: 1 | O7: 1 | P7: 1 | Q7: putiiwsyalala@upi.edu
A8: 46161.708 | B8: Canada Boy | C8: Ilmu Komputer | D8: Sem 4 | E8: 5 | F8: 3 | G8: 3 | H8: 2 | I8: 5 | J8: 3 | K8: 3 | L8: 2 | M8: 5 | N8: 2 | O8: 2 | P8: 4 | Q8: injeolmi3renjun@gmail.com
A9: 46161.726 | B9: Farah Diba Nur Malinda | C9: Ilmu Komputer | D9: Sem 2 | E9: 3 | F9: 3 | G9: 3 | H9: 3 | I9: 2 | J9: 2 | K9: 2 | L9: 2 | M9: 2 | N9: 2 | O9: 1 | P9: 2 | Q9: farahdiba14@student.upi.edu
A10: 46161.736 | B10: Khalifa Nabil Nur | C10: Ilmu Komputer | D10: Sem 2 | E10: 3 | F10: 2 | G10: 2 | H10: 3 | I10: 3 | J10: 2 | K10: 2 | L10: 3 | M10: 4 | N10: 2 | O10: 2 | P10: 4 | Q10: nabilnur@student.upi.edu
A11: 46161.762 | B11: Afit Fajar Rianto | C11: Ilmu Komputer | D11: Sem 2 | E11: 4 | F11: 4 | G11: 5 | H11: 3 | I11: 3 | J11: 4 | K11: 5 | L11: 3 | M11: 4 | N11: 4 | O11: 3 | P11: 5 | Q11: fajarrianto2312@gmail.com
A12: 46161.887 | B12: Diva Wahyu Nugraha | C12: Pendidikan Ilmu Komputer | D12: Sem 4 | E12: 5 | F12: 5 | G12: 4 | H12: 3 | I12: 5 | J12: 2 | K12: 3 | L12: 5 | M12: 5 | N12: 5 | O12: 5 | P12: 5 | Q12: divaaawahyu12@upi.edu
A13: 46161.949 | B13: Belva Risma Aydina | C13: Pendidikan Ilmu Komputer | D13: Sem 4 | E13: 2 | F13: 3 | G13: 3 | H13: 3 | I13: 4 | J13: 4 | K13: 4 | L13: 3 | M13: 5 | N13: 5 | O13: 5 | P13: 5 | Q13: belvaaydina@upi.edu
... A28: 46167.668 | B28: Adi Tri Saputra | C28: Pendidikan Ilmu Komputer | D28: Sem 2 | E28: 2 | F28: 2 | G28: 2 | H28: 3 | I28: 4 | J28: 4 | K28: 4 | L28: 4 | M28: 3 | N28: 3 | O28: 3 | P28: 4 | Q28: mradhyputra@student.upi.edu

Sheet EDA
A1: Attributes | B1: Mean | C1: Median | D1: STD Dev | E1: Min | F1: Max | H1: Skala | I1: CHATGPT | J1: Gemini | K1: Claude
A2: ChatGPT Akademik | B2: =AVERAGE(Form_Responses[Seberapa sering kamu menggunakan ChatGPT untuk kegiatan akademik?]) -> 3.4814815 | C2: =MEDIAN(OFFSET('Form Responses 1'!$E$2:$E$150, 0, ROW(A1)-1)) -> 4 | D2: =_xlfn.STDEV.S(OFFSET('Form Responses 1'!$E$2:$E$150, 0, ROW(A1)-1)) -> 1.3691763 | E2: =MIN(OFFSET('Form Responses 1'!$E$2:$E$150, 0, ROW(A1)-1)) -> 1 | F2: =MAX(OFFSET('Form Responses 1'!$E$2:$E$150, 0, ROW(A1)-1)) -> 5 | H2: 1 | I2: =COUNTIF(Form_Responses[[Seberapa sering kamu menggunakan ChatGPT untuk kegiatan akademik?]:[Seberapa puas kamu dengan hasil yang diberikan ChatGPT?]],H2) -> 7 | J2: =COUNTIF('Form Responses 1'!I9:L28,H2) -> 16 | K2: =COUNTIF('Form Responses 1'!M9:P28,H2) -> 27
A3: ChatGPT Non-Akademik | B3: =AVERAGE(Form_Responses[Seberapa sering kamu menggunakan ChatGPT untuk kegiatan non-akademik?]) -> 3.3703704 | C3: =MEDIAN(OFFSET('Form Responses 1'!$E$2:$E$150, 0, ROW(A2)-1)) -> 3 | D3: =_xlfn.STDEV.S(OFFSET('Form Responses 1'!$E$2:$E$150, 0, ROW(A2)-1)) -> 1.3344013 | E3: =MIN(OFFSET('Form Responses 1'!$E$2:$E$150, 0, ROW(A2)-1)) -> 1 | F3: =MAX(OFFSET('Form Responses 1'!$E$2:$E$150, 0, ROW(A2)-1)) -> 5 | H3: 2 | I3: =COUNTIF(Form_Responses[[Seberapa sering kamu menggunakan ChatGPT untuk kegiatan akademik?]:[Seberapa puas kamu dengan hasil yang diberikan ChatGPT?]],H3) -> 21 | J3: =COUNTIF('Form Responses 1'!I10:L29,H3) -> 10 | K3: =COUNTIF('Form Responses 1'!M10:P29,H3) -> 6
A4: ChatGPT Informasi Umum | B4: =AVERAGE(Form_Responses[Seberapa sering kamu menggunakan ChatGPT untuk mencari informasi umum?]) -> 3.1111111 | C4: =MEDIAN(OFFSET('Form Responses 1'!$E$2:$E$150, 0, ROW(A3)-1)) -> 3 | D4: =_xlfn.STDEV.S(OFFSET('Form Responses 1'!$E$2:$E$150, 0, ROW(A3)-1)) -> 1.2810252 | E4: =MIN(OFFSET('Form Responses 1'!$E$2:$E$150, 0, ROW(A3)-1)) -> 1 | F4: =MAX(OFFSET('Form Responses 1'!$E$2:$E$150, 0, ROW(A3)-1)) -> 5 | H4: 3 | I4: =COUNTIF(Form_Responses[[Seberapa sering kamu menggunakan ChatGPT untuk kegiatan akademik?]:[Seberapa puas kamu dengan hasil yang diberikan ChatGPT?]],H4) -> 31 | J4: =COUNTIF('Form Responses 1'!I11:L30,H4) -> 17 | K4: =COUNTIF('Form Responses 1'!M11:P30,H4) -> 9
A5: ChatGPT Kepuasan | B5: =AVERAGE(Form_Responses[Seberapa puas kamu dengan hasil yang diberikan ChatGPT?]) -> 3.4814815 | C5: =MEDIAN(OFFSET('Form Responses 1'!$E$2:$E$150, 0, ROW(A4)-1)) -> 3 | D5: =_xlfn.STDEV.S(OFFSET('Form Responses 1'!$E$2:$E$150, 0, ROW(A4)-1)) -> 0.84899807 | E5: =MIN(OFFSET('Form Responses 1'!$E$2:$E$150, 0, ROW(A4)-1)) -> 2 | F5: =MAX(OFFSET('Form Responses 1'!$E$2:$E$150, 0, ROW(A4)-1)) -> 5 | H5: 4 | I5: =COUNTIF(Form_Responses[[Seberapa sering kamu menggunakan ChatGPT untuk kegiatan akademik?]:[Seberapa puas kamu dengan hasil yang diberikan ChatGPT?]],H5) -> 24 | J5: =COUNTIF('Form Responses 1'!I12:L31,H5) -> 16 | K5: =COUNTIF('Form Responses 1'!M12:P31,H5) -> 5
A6: Gemini - Akademik | B6: =AVERAGE('Form Responses 1'!I:I) -> 2.962963 | C6: =MEDIAN(OFFSET('Form Responses 1'!$E$2:$E$150, 0, ROW(A5)-1)) -> 3 | D6: =_xlfn.STDEV.S(OFFSET('Form Responses 1'!$E$2:$E$150, 0, ROW(A5)-1)) -> 1.5312509 | E6: =MIN(OFFSET('Form Responses 1'!$E$2:$E$150, 0, ROW(A5)-1)) -> 1 | F6: =MAX(OFFSET('Form Responses 1'!$E$2:$E$150, 0, ROW(A5)-1)) -> 5 | H6: 5 | I6: =COUNTIF(Form_Responses[[Seberapa sering kamu menggunakan ChatGPT untuk kegiatan akademik?]:[Seberapa puas kamu dengan hasil yang diberikan ChatGPT?]],H6) -> 25 | J6: =COUNTIF('Form Responses 1'!I13:L32,H6) -> 11 | K6: =COUNTIF('Form Responses 1'!M13:P32,H6) -> 21
A7: Gemini - Non Akademik | B7: =AVERAGE('Form Responses 1'!J:J) -> 2.8148148 | C7: =MEDIAN(OFFSET('Form Responses 1'!$E$2:$E$150, 0, ROW(A6)-1)) -> 3 | D7: =_xlfn.STDEV.S(OFFSET('Form Responses 1'!$E$2:$E$150, 0, ROW(A6)-1)) -> 1.3597804 | E7: =MIN(OFFSET('Form Responses 1'!$E$2:$E$150, 0, ROW(A6)-1)) -> 1 | F7: =MAX(OFFSET('Form Responses 1'!$E$2:$E$150, 0, ROW(A6)-1)) -> 5
A8: Gemini - Informasi Umum | B8: =AVERAGE('Form Responses 1'!K:K) -> 3.1481481 | C8: =MEDIAN(OFFSET('Form Responses 1'!$E$2:$E$150, 0, ROW(A7)-1)) -> 3 | D8: =_xlfn.STDEV.S(OFFSET('Form Responses 1'!$E$2:$E$150, 0, ROW(A7)-1)) -> 1.3215289 | E8: =MIN(OFFSET('Form Responses 1'!$E$2:$E$150, 0, ROW(A7)-1)) -> 1 | F8: =MAX(OFFSET('Form Responses 1'!$E$2:$E$150, 0, ROW(A7)-1)) -> 5
A9: Gemini Kepuasan | B9: =AVERAGE('Form Responses 1'!L:L) -> 3.4074074 | C9: =MEDIAN(OFFSET('Form Responses 1'!$E$2:$E$150, 0, ROW(A8)-1)) -> 3 | D9: =_xlfn.STDEV.S(OFFSET('Form Responses 1'!$E$2:$E$150, 0, ROW(A8)-1)) -> 1.1851407 | E9: =MIN(OFFSET('Form Responses 1'!$E$2:$E$150, 0, ROW(A8)-1)) -> 1 | F9: =MAX(OFFSET('Form Responses 1'!$E$2:$E$150, 0, ROW(A8)-1)) -> 5
A10: Claude - Akademik | B10: =AVERAGE('Form Responses 1'!M:M) -> 2.9259259 | C10: =MEDIAN(OFFSET('Form Responses 1'!$E$2:$E$150, 0, ROW(A9)-1)) -> 3 | D10: =_xlfn.STDEV.S(OFFSET('Form Responses 1'!$E$2:$E$150, 0, ROW(A9)-1)) -> 1.7304052 | E10: =MIN(OFFSET('Form Responses 1'!$E$2:$E$150, 0, ROW(A9)-1)) -> 1 | F10: =MAX(OFFSET('Form Responses 1'!$E$2:$E$150, 0, ROW(A9)-1)) -> 5
A11: Claude - Non Akademik | B11: =AVERAGE('Form Responses 1'!N:N) -> 2.5185185 | C11: =MEDIAN(OFFSET('Form Responses 1'!$E$2:$E$150, 0, ROW(A10)-1)) -> 2 | D11: =_xlfn.STDEV.S(OFFSET('Form Responses 1'!$E$2:$E$150, 0, ROW(A10)-1)) -> 1.6726389 | E11: =MIN(OFFSET('Form Responses 1'!$E$2:$E$150, 0, ROW(A10)-1)) -> 1 | F11: =MAX(OFFSET('Form Responses 1'!$E$2:$E$150, 0, ROW(A10)-1)) -> 5
A12: Claude - Informasi Umum | B12: =AVERAGE('Form Responses 1'!O:O) -> 2.3333333 | C12: =MEDIAN(OFFSET('Form Responses 1'!$E$2:$E$150, 0, ROW(A11)-1)) -> 1 | D12: =_xlfn.STDEV.S(OFFSET('Form Responses 1'!$E$2:$E$150, 0, ROW(A11)-1)) -> 1.7097008 | E12: =MIN(OFFSET('Form Responses 1'!$E$2:$E$150, 0, ROW(A11)-1)) -> 1 | F12: =MAX(OFFSET('Form Responses 1'!$E$2:$E$150, 0, ROW(A11)-1)) -> 5
A13: Claude - Kepuasan | B13: =AVERAGE('Form Responses 1'!P:P) -> 3.3703704 | C13: =MEDIAN(OFFSET('Form Responses 1'!$E$2:$E$150, 0, ROW(A12)-1)) -> 4 | D13: =_xlfn.STDEV.S(OFFSET('Form Responses 1'!$E$2:$E$150, 0, ROW(A12)-1)) -> 1.7353374 | E13: =MIN(OFFSET('Form Responses 1'!$E$2:$E$150, 0, ROW(A12)-1)) -> 1 | F13: =MAX(OFFSET('Form Responses 1'!$E$2:$E$150, 0, ROW(A12)-1)) -> 5

Sheet Data (Vektor)
A1: Responden | B1: ChatGPT | C1: GEMINI | D1: CLAUDE | E1: Akademik | F1: Non-Akademik | G1: Informasi Umum | H1: Kepuasan | J1: Jarak Euclid (I1) | K1: J1 | L1: J2 | M1: J3 | O1: Hasil Clustering | Q1: Jarak Euclid (I2) | R1: J1 | S1: J2 | T1: J3 | V1: Hasil Clustering | X1: Jarak Euclid (I3) | Y1: J1 | Z1: J2 | AA1: J3 | AC1: Hasil Clustering | AE1: Jarak Euclid (I4) | AF1: J1 | AG1: J2 | AH1: J3 | AJ1: Hasil Clustering
A2: R1 | B2: =IFERROR(AVERAGE('Form Responses 1'!E2:H2), "") -> 2 | C2: =IFERROR(AVERAGE('Form Responses 1'!I2:L2), "") -> 5 | D2: =IFERROR(AVERAGE('Form Responses 1'!M2:P2), "") -> 3.5 | E2: {=MAX('Form Responses 1'!E2,'Form Responses 1'!I2,'Form Responses 1'!M2)&" - "&INDEX({"ChatGPT","Gemini","Claude"},MATCH(MAX('Form Responses 1'!E2,'Form Responses 1'!I2,'Form Responses 1'!M2),{'Form Responses 1'!E2,'Form Responses 1'!I2,'Form Responses 1'!M2},0))} -> 5 - Gemini | F2: {=MAX('Form Responses 1'!F2,'Form Responses 1'!J2,'Form Responses 1'!N2)&" - "&INDEX({"ChatGPT","Gemini","Claude"},MATCH(MAX('Form Responses 1'!F2,'Form Responses 1'!J2,'Form Responses 1'!N2),{'Form Responses 1'!F2,'Form Responses 1'!J2,'Form Responses 1'!N2},0))} -> 5 - Gemini | G2: {=MAX('Form Responses 1'!G2,'Form Responses 1'!K2,'Form Responses 1'!O2)&" - "&INDEX({"ChatGPT","Gemini","Claude"},MATCH(MAX('Form Responses 1'!G2,'Form Responses 1'!K2,'Form Responses 1'!O2),{'Form Responses 1'!G2,'Form Responses 1'!K2,'Form Responses 1'!O2},0))} -> 5 - Gemini | H2: {=MAX('Form Responses 1'!H2,'Form Responses 1'!L2,'Form Responses 1'!P2)&" - "&INDEX({"ChatGPT","Gemini","Claude"},MATCH(MAX('Form Responses 1'!H2,'Form Responses 1'!L2,'Form Responses 1'!P2),{'Form Responses 1'!H2,'Form Responses 1'!L2,'Form Responses 1'!P2},0))} -> 5 - Gemini | K2: =IFERROR(SQRT((B2-Cluster!$C$2)^2+(C2-Cluster!$D$2)^2+(D2-Cluster!$E$2)^2),"") -> 4.8218254 | L2: =IFERROR(SQRT((B2-Cluster!$C$3)^2+(C2-Cluster!$D$3)^2+(D2-Cluster!$E$3)^2),"") -> 2.0615528 | M2: =IFERROR(SQRT((B2-Cluster!$C$4)^2+(C2-Cluster!$D$4)^2+(D2-Cluster!$E$4)^2),"") -> 4.3874822 | O2: =IF(K2=MIN(K2,L2,M2),1,IF(L2=MIN(K2,L2,M2),2,3)) -> 2 | R2: =IFERROR(SQRT((B2-Cluster!$C$7)^2+(C2-Cluster!$D$7)^2+(D2-Cluster!$E$7)^2),"") -> 4.8476799 | S2: =IFERROR(SQRT((B2-Cluster!$C$8)^2+(C2-Cluster!$D$8)^2+(D2-Cluster!$E$8)^2),"") -> 2.2638463 | T2: =IFERROR(SQRT((B2-Cluster!$C$9)^2+(C2-Cluster!$D$9)^2+(D2-Cluster!$E$9)^2),"") -> 4.1608292 | V2: =IF(R2=MIN(R2,S2,T2),1,IF(S2=MIN(R2,S2,T2),2,3)) -> 2 | Y2: =IFERROR(SQRT((B2-Cluster!$C$12)^2+(C2-Cluster!$D$12)^2+(D2-Cluster!$E$12)^2),"") -> 4.3874822 | Z2: =IFERROR(SQRT((B2-Cluster!$C$13)^2+(C2-Cluster!$D$13)^2+(D2-Cluster!$E$13)^2),"") -> 1.6007811 | AA2: =IFERROR(SQRT((B2-Cluster!$C$14)^2+(C2-Cluster!$D$14)^2+(D2-Cluster!$E$14)^2),"") -> 2.4494897 | AC2: =IF(Y2=MIN(Y2,Z2,AA2),1,IF(Z2=MIN(Z2,Z2,AA2),2,3)) -> 2 | AF2: =IFERROR(SQRT((B2-Cluster!$C$17)^2+(C2-Cluster!$D$17)^2+(D2-Cluster!$E$17)^2),"") -> 3.7549967 | AG2: =IFERROR(SQRT((B2-Cluster!$C$18)^2+(C2-Cluster!$D$18)^2+(D2-Cluster!$E$18)^2),"") -> 1.8138357 | AH2: =IFERROR(SQRT((B2-Cluster!$C$19)^2+(C2-Cluster!$D$19)^2+(D2-Cluster!$E$19)^2),"") -> 2.2825424 | AJ2: =IF(AF2=MIN(AF2,AG2,AH2),1,IF(AG2=MIN(AF2,AG2,AH2),2,3)) -> 2
A3: R2 | B3: =IFERROR(AVERAGE('Form Responses 1'!E3:H3), "") -> 3.5 | C3: =IFERROR(AVERAGE('Form Responses 1'!I3:L3), "") -> 3 | D3: =IFERROR(AVERAGE('Form Responses 1'!M3:P3), "") -> 5 | E3: {=MAX('Form Responses 1'!E3,'Form Responses 1'!I3,'Form Responses 1'!M3)&" - "&INDEX({"ChatGPT","Gemini","Claude"},MATCH(MAX('Form Responses 1'!E3,'Form Responses 1'!I3,'Form Responses 1'!M3),{'Form Responses 1'!E3,'Form Responses 1'!I3,'Form Responses 1'!M3},0))} -> 5 - Claude | F3: {=MAX('Form Responses 1'!F3,'Form Responses 1'!J3,'Form Responses 1'!N3)&" - "&INDEX({"ChatGPT","Gemini","Claude"},MATCH(MAX('Form Responses 1'!F3,'Form Responses 1'!J3,'Form Responses 1'!N3),{'Form Responses 1'!F3,'Form Responses 1'!J3,'Form Responses 1'!N3},0))} -> 5 - Claude | G3: {=MAX('Form Responses 1'!G3,'Form Responses 1'!K3,'Form Responses 1'!O3)&" - "&INDEX({"ChatGPT","Gemini","Claude"},MATCH(MAX('Form Responses 1'!G3,'Form Responses 1'!K3,'Form Responses 1'!O3),{'Form Responses 1'!G3,'Form Responses 1'!K3,'Form Responses 1'!O3},0))} -> 5 - Claude | H3: {=MAX('Form Responses 1'!H3,'Form Responses 1'!L3,'Form Responses 1'!P3)&" - "&INDEX({"ChatGPT","Gemini","Claude"},MATCH(MAX('Form Responses 1'!H3,'Form Responses 1'!L3,'Form Responses 1'!P3),{'Form Responses 1'!H3,'Form Responses 1'!L3,'Form Responses 1'!P3},0))} -> 5 - Claude | K3: =IFERROR(SQRT((B3-Cluster!$C$2)^2+(C3-Cluster!$D$2)^2+(D3-Cluster!$E$2)^2),"") -> 5.1234754 | L3: =IFERROR(SQRT((B3-Cluster!$C$3)^2+(C3-Cluster!$D$3)^2+(D3-Cluster!$E$3)^2),"") -> 1.8027756 | M3: =IFERROR(SQRT((B3-Cluster!$C$4)^2+(C3-Cluster!$D$4)^2+(D3-Cluster!$E$4)^2),"") -> 4.2720019 | O3: =IF(K3=MIN(K3,L3,M3),1,IF(L3=MIN(K3,L3,M3),2,3)) -> 2 | R3: =IFERROR(SQRT((B3-Cluster!$C$7)^2+(C3-Cluster!$D$7)^2+(D3-Cluster!$E$7)^2),"") -> 3.6742346 | S3: =IFERROR(SQRT((B3-Cluster!$C$8)^2+(C3-Cluster!$D$8)^2+(D3-Cluster!$E$8)^2),"") -> 4.4300113 | T3: =IFERROR(SQRT((B3-Cluster!$C$9)^2+(C3-Cluster!$D$9)^2+(D3-Cluster!$E$9)^2),"") -> 3.0516389 | V3: =IF(R3=MIN(R3,S3,T3),1,IF(S3=MIN(R3,S3,T3),2,3)) -> 3 | Y3: =IFERROR(SQRT((B3-Cluster!$C$12)^2+(C3-Cluster!$D$12)^2+(D3-Cluster!$E$12)^2),"") -> 4.1533119 | Z3: =IFERROR(SQRT((B3-Cluster!$C$13)^2+(C3-Cluster!$D$13)^2+(D3-Cluster!$E$13)^2),"") -> 3.6142081 | AA3: =IFERROR(SQRT((B3-Cluster!$C$14)^2+(C3-Cluster!$D$14)^2+(D3-Cluster!$E$14)^2),"") -> 0.70710678 | AC3: =IF(Y3=MIN(Y3,Z3,AA3),1,IF(Z3=MIN(Z3,Z3,AA3),2,3)) -> 3 | AF3: =IFERROR(SQRT((B3-Cluster!$C$17)^2+(C3-Cluster!$D$17)^2+(D3-Cluster!$E$17)^2),"") -> 3.8340579 | AG3: =IFERROR(SQRT((B3-Cluster!$C$18)^2+(C3-Cluster!$D$18)^2+(D3-Cluster!$E$18)^2),"") -> 4.3 | AH3: =IFERROR(SQRT((B3-Cluster!$C$19)^2+(C3-Cluster!$D$19)^2+(D3-Cluster!$E$19)^2),"") -> 1.1 | AJ3: =IF(AF3=MIN(AF3,AG3,AH3),1,IF(AG3=MIN(AF3,AG3,AH3),2,3)) -> 3
A4: R3 | B4: =IFERROR(AVERAGE('Form Responses 1'!E4:H4), "") -> 4 | C4: =IFERROR(AVERAGE('Form Responses 1'!I4:L4), "") -> 1.75 | D4: =IFERROR(AVERAGE('Form Responses 1'!M4:P4), "") -> 1 | E4: {=MAX('Form Responses 1'!E4,'Form Responses 1'!I4,'Form Responses 1'!M4)&" - "&INDEX({"ChatGPT","Gemini","Claude"},MATCH(MAX('Form Responses 1'!E4,'Form Responses 1'!I4,'Form Responses 1'!M4),{'Form Responses 1'!E4,'Form Responses 1'!I4,'Form Responses 1'!M4},0))} -> 4 - ChatGPT | F4: {=MAX('Form Responses 1'!F4,'Form Responses 1'!J4,'Form Responses 1'!N4)&" - "&INDEX({"ChatGPT","Gemini","Claude"},MATCH(MAX('Form Responses 1'!F4,'Form Responses 1'!J4,'Form Responses 1'!N4),{'Form Responses 1'!F4,'Form Responses 1'!J4,'Form Responses 1'!N4},0))} -> 4 - ChatGPT | G4: {=MAX('Form Responses 1'!G4,'Form Responses 1'!K4,'Form Responses 1'!O4)&" - "&INDEX({"ChatGPT","Gemini","Claude"},MATCH(MAX('Form Responses 1'!G4,'Form Responses 1'!K4,'Form Responses 1'!O4),{'Form Responses 1'!G4,'Form Responses 1'!K4,'Form Responses 1'!O4},0))} -> 4 - ChatGPT | H4: {=MAX('Form Responses 1'!H4,'Form Responses 1'!L4,'Form Responses 1'!P4)&" - "&INDEX({"ChatGPT","Gemini","Claude"},MATCH(MAX('Form Responses 1'!H4,'Form Responses 1'!L4,'Form Responses 1'!P4),{'Form Responses 1'!H4,'Form Responses 1'!L4,'Form Responses 1'!P4},0))} -> 4 - ChatGPT | K4: =IFERROR(SQRT((B4-Cluster!$C$2)^2+(C4-Cluster!$D$2)^2+(D4-Cluster!$E$2)^2),"") -> 3.0923292 | L4: =IFERROR(SQRT((B4-Cluster!$C$3)^2+(C4-Cluster!$D$3)^2+(D4-Cluster!$E$3)^2),"") -> 3.8160844 | M4: =IFERROR(SQRT((B4-Cluster!$C$4)^2+(C4-Cluster!$D$4)^2+(D4-Cluster!$E$4)^2),"") -> 1.6007811 | O4: =IF(K4=MIN(K4,L4,M4),1,IF(L4=MIN(K4,L4,M4),2,3)) -> 3 | R4: =IFERROR(SQRT((B4-Cluster!$C$7)^2+(C4-Cluster!$D$7)^2+(D4-Cluster!$E$7)^2),"") -> 1.4361407 | S4: =IFERROR(SQRT((B4-Cluster!$C$8)^2+(C4-Cluster!$D$8)^2+(D4-Cluster!$E$8)^2),"") -> 3.6996621 | T4: =IFERROR(SQRT((B4-Cluster!$C$9)^2+(C4-Cluster!$D$9)^2+(D4-Cluster!$E$9)^2),"") -> 5.0249378 | V4: =IF(R4=MIN(R4,S4,T4),1,IF(S4=MIN(R4,S4,T4),2,3)) -> 1 | Y4: =IFERROR(SQRT((B4-Cluster!$C$12)^2+(C4-Cluster!$D$12)^2+(D4-Cluster!$E$12)^2),"") -> 0.25 | Z4: =IFERROR(SQRT((B4-Cluster!$C$13)^2+(C4-Cluster!$D$13)^2+(D4-Cluster!$E$13)^2),"") -> 3.5 | AA4: =IFERROR(SQRT((B4-Cluster!$C$14)^2+(C4-Cluster!$D$14)^2+(D4-Cluster!$E$14)^2),"") -> 3.8487011 | AC4: =IF(Y4=MIN(Y4,Z4,AA4),1,IF(Z4=MIN(Z4,Z4,AA4),2,3)) -> 1 | AF4: =IFERROR(SQRT((B4-Cluster!$C$17)^2+(C4-Cluster!$D$17)^2+(D4-Cluster!$E$17)^2),"") -> 0.87321246 | AG4: =IFERROR(SQRT((B4-Cluster!$C$18)^2+(C4-Cluster!$D$18)^2+(D4-Cluster!$E$18)^2),"") -> 4.393461 | AH4: =IFERROR(SQRT((B4-Cluster!$C$19)^2+(C4-Cluster!$D$19)^2+(D4-Cluster!$E$19)^2),"") -> 3.6224991 | AJ4: =IF(AF4=MIN(AF4,AG4,AH4),1,IF(AG4=MIN(AF4,AG4,AH4),2,3)) -> 1
A5: R4 | B5: =IFERROR(AVERAGE('Form Responses 1'!E5:H5), "") -> 5 | C5: =IFERROR(AVERAGE('Form Responses 1'!I5:L5), "") -> 4 | D5: =IFERROR(AVERAGE('Form Responses 1'!M5:P5), "") -> 1 | E5: {=MAX('Form Responses 1'!E5,'Form Responses 1'!I5,'Form Responses 1'!M5)&" - "&INDEX({"ChatGPT","Gemini","Claude"},MATCH(MAX('Form Responses 1'!E5,'Form Responses 1'!I5,'Form Responses 1'!M5),{'Form Responses 1'!E5,'Form Responses 1'!I5,'Form Responses 1'!M5},0))} -> 5 - ChatGPT | F5: {=MAX('Form Responses 1'!F5,'Form Responses 1'!J5,'Form Responses 1'!N5)&" - "&INDEX({"ChatGPT","Gemini","Claude"},MATCH(MAX('Form Responses 1'!F5,'Form Responses 1'!J5,'Form Responses 1'!N5),{'Form Responses 1'!F5,'Form Responses 1'!J5,'Form Responses 1'!N5},0))} -> 5 - ChatGPT | G5: {=MAX('Form Responses 1'!G5,'Form Responses 1'!K5,'Form Responses 1'!O5)&" - "&INDEX({"ChatGPT","Gemini","Claude"},MATCH(MAX('Form Responses 1'!G5,'Form Responses 1'!K5,'Form Responses 1'!O5),{'Form Responses 1'!G5,'Form Responses 1'!K5,'Form Responses 1'!O5},0))} -> 5 - ChatGPT | H5: {=MAX('Form Responses 1'!H5,'Form Responses 1'!L5,'Form Responses 1'!P5)&" - "&INDEX({"ChatGPT","Gemini","Claude"},MATCH(MAX('Form Responses 1'!H5,'Form Responses 1'!L5,'Form Responses 1'!P5),{'Form Responses 1'!H5,'Form Responses 1'!L5,'Form Responses 1'!P5},0))} -> 5 - ChatGPT | K5: =IFERROR(SQRT((B5-Cluster!$C$2)^2+(C5-Cluster!$D$2)^2+(D5-Cluster!$E$2)^2),"") -> 5 | L5: =IFERROR(SQRT((B5-Cluster!$C$3)^2+(C5-Cluster!$D$3)^2+(D5-Cluster!$E$3)^2),"") -> 4.3588989 | M5: =IFERROR(SQRT((B5-Cluster!$C$4)^2+(C5-Cluster!$D$4)^2+(D5-Cluster!$E$4)^2),"") -> 1 | O5: =IF(K5=MIN(K5,L5,M5),1,IF(L5=MIN(K5,L5,M5),2,3)) -> 3 | R5: =IFERROR(SQRT((B5-Cluster!$C$7)^2+(C5-Cluster!$D$7)^2+(D5-Cluster!$E$7)^2),"") -> 2.6925824 | S5: =IFERROR(SQRT((B5-Cluster!$C$8)^2+(C5-Cluster!$D$8)^2+(D5-Cluster!$E$8)^2),"") -> 2.936835 | T5: =IFERROR(SQRT((B5-Cluster!$C$9)^2+(C5-Cluster!$D$9)^2+(D5-Cluster!$E$9)^2),"") -> 6.2898728 | V5: =IF(R5=MIN(R5,S5,T5),1,IF(S5=MIN(R5,S5,T5),2,3)) -> 1 | Y5: =IFERROR(SQRT((B5-Cluster!$C$12)^2+(C5-Cluster!$D$12)^2+(D5-Cluster!$E$12)^2),"") -> 2.236068 | Z5: =IFERROR(SQRT((B5-Cluster!$C$13)^2+(C5-Cluster!$D$13)^2+(D5-Cluster!$E$13)^2),"") -> 2.795085 | AA5: =IFERROR(SQRT((B5-Cluster!$C$14)^2+(C5-Cluster!$D$14)^2+(D5-Cluster!$E$14)^2),"") -> 4.1533119 | AC5: =IF(Y5=MIN(Y5,Z5,AA5),1,IF(Z5=MIN(Z5,Z5,AA5),2,3)) -> 1 | AF5: =IFERROR(SQRT((B5-Cluster!$C$17)^2+(C5-Cluster!$D$17)^2+(D5-Cluster!$E$17)^2),"") -> 2.0615528 | AG5: =IFERROR(SQRT((B5-Cluster!$C$18)^2+(C5-Cluster!$D$18)^2+(D5-Cluster!$E$18)^2),"") -> 4.2 | AH5: =IFERROR(SQRT((B5-Cluster!$C$19)^2+(C5-Cluster!$D$19)^2+(D5-Cluster!$E$19)^2),"") -> 3.3852622 | AJ5: =IF(AF5=MIN(AF5,AG5,AH5),1,IF(AG5=MIN(AF5,AG5,AH5),2,3)) -> 1
A6: R5 | B6: =IFERROR(AVERAGE('Form Responses 1'!E6:H6), "") -> 3.75 | C6: =IFERROR(AVERAGE('Form Responses 1'!I6:L6), "") -> 2.5 | D6: =IFERROR(AVERAGE('Form Responses 1'!M6:P6), "") -> 1 | E6: {=MAX('Form Responses 1'!E6,'Form Responses 1'!I6,'Form Responses 1'!M6)&" - "&INDEX({"ChatGPT","Gemini","Claude"},MATCH(MAX('Form Responses 1'!E6,'Form Responses 1'!I6,'Form Responses 1'!M6),{'Form Responses 1'!E6,'Form Responses 1'!I6,'Form Responses 1'!M6},0))} -> 5 - ChatGPT | F6: {=MAX('Form Responses 1'!F6,'Form Responses 1'!J6,'Form Responses 1'!N6)&" - "&INDEX({"ChatGPT","Gemini","Claude"},MATCH(MAX('Form Responses 1'!F6,'Form Responses 1'!J6,'Form Responses 1'!N6),{'Form Responses 1'!F6,'Form Responses 1'!J6,'Form Responses 1'!N6},0))} -> 5 - ChatGPT | G6: {=MAX('Form Responses 1'!G6,'Form Responses 1'!K6,'Form Responses 1'!O6)&" - "&INDEX({"ChatGPT","Gemini","Claude"},MATCH(MAX('Form Responses 1'!G6,'Form Responses 1'!K6,'Form Responses 1'!O6),{'Form Responses 1'!G6,'Form Responses 1'!K6,'Form Responses 1'!O6},0))} -> 3 - Gemini | H6: {=MAX('Form Responses 1'!H6,'Form Responses 1'!L6,'Form Responses 1'!P6)&" - "&INDEX({"ChatGPT","Gemini","Claude"},MATCH(MAX('Form Responses 1'!H6,'Form Responses 1'!L6,'Form Responses 1'!P6),{'Form Responses 1'!H6,'Form Responses 1'!L6,'Form Responses 1'!P6},0))} -> 4 - ChatGPT | K6: =IFERROR(SQRT((B6-Cluster!$C$2)^2+(C6-Cluster!$D$2)^2+(D6-Cluster!$E$2)^2),"") -> 3.132491 | L6: =IFERROR(SQRT((B6-Cluster!$C$3)^2+(C6-Cluster!$D$3)^2+(D6-Cluster!$E$3)^2),"") -> 3.5089172 | M6: =IFERROR(SQRT((B6-Cluster!$C$4)^2+(C6-Cluster!$D$4)^2+(D6-Cluster!$E$4)^2),"") -> 1.3462912 | O6: =IF(K6=MIN(K6,L6,M6),1,IF(L6=MIN(K6,L6,M6),2,3)) -> 3 | R6: =IFERROR(SQRT((B6-Cluster!$C$7)^2+(C6-Cluster!$D$7)^2+(D6-Cluster!$E$7)^2),"") -> 1.8874586 | S6: =IFERROR(SQRT((B6-Cluster!$C$8)^2+(C6-Cluster!$D$8)^2+(D6-Cluster!$E$8)^2),"") -> 2.926175 | T6: =IFERROR(SQRT((B6-Cluster!$C$9)^2+(C6-Cluster!$D$9)^2+(D6-Cluster!$E$9)^2),"") -> 5.0124844 | V6: =IF(R6=MIN(R6,S6,T6),1,IF(S6=MIN(R6,S6,T6),2,3)) -> 1 | Y6: =IFERROR(SQRT((B6-Cluster!$C$12)^2+(C6-Cluster!$D$12)^2+(D6-Cluster!$E$12)^2),"") -> 0.55901699 | Z6: =IFERROR(SQRT((B6-Cluster!$C$13)^2+(C6-Cluster!$D$13)^2+(D6-Cluster!$E$13)^2),"") -> 2.7613403 | AA6: =IFERROR(SQRT((B6-Cluster!$C$14)^2+(C6-Cluster!$D$14)^2+(D6-Cluster!$E$14)^2),"") -> 3.6142081 | AC6: =IF(Y6=MIN(Y6,Z6,AA6),1,IF(Z6=MIN(Z6,Z6,AA6),2,3)) -> 1 | AF6: =IFERROR(SQRT((B6-Cluster!$C$17)^2+(C6-Cluster!$D$17)^2+(D6-Cluster!$E$17)^2),"") -> 0.25 | AG6: =IFERROR(SQRT((B6-Cluster!$C$18)^2+(C6-Cluster!$D$18)^2+(D6-Cluster!$E$18)^2),"") -> 3.7218947 | AH6: =IFERROR(SQRT((B6-Cluster!$C$19)^2+(C6-Cluster!$D$19)^2+(D6-Cluster!$E$19)^2),"") -> 3.2897568 | AJ6: =IF(AF6=MIN(AF6,AG6,AH6),1,IF(AG6=MIN(AF6,AG6,AH6),2,3)) -> 1
A7: R6 | B7: =IFERROR(AVERAGE('Form Responses 1'!E7:H7), "") -> 4.5 | C7: =IFERROR(AVERAGE('Form Responses 1'!I7:L7), "") -> 4 | D7: =IFERROR(AVERAGE('Form Responses 1'!M7:P7), "") -> 1 | E7: {=MAX('Form Responses 1'!E7,'Form Responses 1'!I7,'Form Responses 1'!M7)&" - "&INDEX({"ChatGPT","Gemini","Claude"},MATCH(MAX('Form Responses 1'!E7,'Form Responses 1'!I7,'Form Responses 1'!M7),{'Form Responses 1'!E7,'Form Responses 1'!I7,'Form Responses 1'!M7},0))} -> 5 - ChatGPT | F7: {=MAX('Form Responses 1'!F7,'Form Responses 1'!J7,'Form Responses 1'!N7)&" - "&INDEX({"ChatGPT","Gemini","Claude"},MATCH(MAX('Form Responses 1'!F7,'Form Responses 1'!J7,'Form Responses 1'!N7),{'Form Responses 1'!F7,'Form Responses 1'!J7,'Form Responses 1'!N7},0))} -> 5 - ChatGPT | G7: {=MAX('Form Responses 1'!G7,'Form Responses 1'!K7,'Form Responses 1'!O7)&" - "&INDEX({"ChatGPT","Gemini","Claude"},MATCH(MAX('Form Responses 1'!G7,'Form Responses 1'!K7,'Form Responses 1'!O7),{'Form Responses 1'!G7,'Form Responses 1'!K7,'Form Responses 1'!O7},0))} -> 4 - ChatGPT | H7: {=MAX('Form Responses 1'!H7,'Form Responses 1'!L7,'Form Responses 1'!P7)&" - "&INDEX({"ChatGPT","Gemini","Claude"},MATCH(MAX('Form Responses 1'!H7,'Form Responses 1'!L7,'Form Responses 1'!P7),{'Form Responses 1'!H7,'Form Responses 1'!L7,'Form Responses 1'!P7},0))} -> 4 - ChatGPT | K7: =IFERROR(SQRT((B7-Cluster!$C$2)^2+(C7-Cluster!$D$2)^2+(D7-Cluster!$E$2)^2),"") -> 4.6097722 | L7: =IFERROR(SQRT((B7-Cluster!$C$3)^2+(C7-Cluster!$D$3)^2+(D7-Cluster!$E$3)^2),"") -> 4.0311289 | M7: =IFERROR(SQRT((B7-Cluster!$C$4)^2+(C7-Cluster!$D$4)^2+(D7-Cluster!$E$4)^2),"") -> 1.118034 | O7: =IF(K7=MIN(K7,L7,M7),1,IF(L7=MIN(K7,L7,M7),2,3)) -> 3 | R7: =IFERROR(SQRT((B7-Cluster!$C$7)^2+(C7-Cluster!$D$7)^2+(D7-Cluster!$E$7)^2),"") -> 2.7386128 | S7: =IFERROR(SQRT((B7-Cluster!$C$8)^2+(C7-Cluster!$D$8)^2+(D7-Cluster!$E$8)^2),"") -> 2.4748737 | T7: =IFERROR(SQRT((B7-Cluster!$C$9)^2+(C7-Cluster!$D$9)^2+(D7-Cluster!$E$9)^2),"") -> 5.9843546 | V7: =IF(R7=MIN(R7,S7,T7),1,IF(S7=MIN(R7,S7,T7),2,3)) -> 2 | Y7: =IFERROR(SQRT((B7-Cluster!$C$12)^2+(C7-Cluster!$D$12)^2+(D7-Cluster!$E$12)^2),"") -> 2.0615528 | Z7: =IFERROR(SQRT((B7-Cluster!$C$13)^2+(C7-Cluster!$D$13)^2+(D7-Cluster!$E$13)^2),"") -> 2.3584953 | AA7: =IFERROR(SQRT((B7-Cluster!$C$14)^2+(C7-Cluster!$D$14)^2+(D7-Cluster!$E$14)^2),"") -> 3.9370039 | AC7: =IF(Y7=MIN(Y7,Z7,AA7),1,IF(Z7=MIN(Z7,Z7,AA7),2,3)) -> 1 | AF7: =IFERROR(SQRT((B7-Cluster!$C$17)^2+(C7-Cluster!$D$17)^2+(D7-Cluster!$E$17)^2),"") -> 1.7606817 | AG7: =IFERROR(SQRT((B7-Cluster!$C$18)^2+(C7-Cluster!$D$18)^2+(D7-Cluster!$E$18)^2),"") -> 3.726929 | AH7: =IFERROR(SQRT((B7-Cluster!$C$19)^2+(C7-Cluster!$D$19)^2+(D7-Cluster!$E$19)^2),"") -> 3.2264532 | AJ7: =IF(AF7=MIN(AF7,AG7,AH7),1,IF(AG7=MIN(AF7,AG7,AH7),2,3)) -> 1
A8: R7 | B8: =IFERROR(AVERAGE('Form Responses 1'!E8:H8), "") -> 3.25 | C8: =IFERROR(AVERAGE('Form Responses 1'!I8:L8), "") -> 3.25 | D8: =IFERROR(AVERAGE('Form Responses 1'!M8:P8), "") -> 3.25 | E8: {=MAX('Form Responses 1'!E8,'Form Responses 1'!I8,'Form Responses 1'!M8)&" - "&INDEX({"ChatGPT","Gemini","Claude"},MATCH(MAX('Form Responses 1'!E8,'Form Responses 1'!I8,'Form Responses 1'!M8),{'Form Responses 1'!E8,'Form Responses 1'!I8,'Form Responses 1'!M8},0))} -> 5 - ChatGPT | F8: {=MAX('Form Responses 1'!F8,'Form Responses 1'!J8,'Form Responses 1'!N8)&" - "&INDEX({"ChatGPT","Gemini","Claude"},MATCH(MAX('Form Responses 1'!F8,'Form Responses 1'!J8,'Form Responses 1'!N8),{'Form Responses 1'!F8,'Form Responses 1'!J8,'Form Responses 1'!N8},0))} -> 3 - ChatGPT | G8: {=MAX('Form Responses 1'!G8,'Form Responses 1'!K8,'Form Responses 1'!O8)&" - "&INDEX({"ChatGPT","Gemini","Claude"},MATCH(MAX('Form Responses 1'!G8,'Form Responses 1'!K8,'Form Responses 1'!O8),{'Form Responses 1'!G8,'Form Responses 1'!K8,'Form Responses 1'!O8},0))} -> 3 - ChatGPT | H8: {=MAX('Form Responses 1'!H8,'Form Responses 1'!L8,'Form Responses 1'!P8)&" - "&INDEX({"ChatGPT","Gemini","Claude"},MATCH(MAX('Form Responses 1'!H8,'Form Responses 1'!L8,'Form Responses 1'!P8),{'Form Responses 1'!H8,'Form Responses 1'!L8,'Form Responses 1'!P8},0))} -> 4 - Claude | K8: =IFERROR(SQRT((B8-Cluster!$C$2)^2+(C8-Cluster!$D$2)^2+(D8-Cluster!$E$2)^2),"") -> 3.8971143 | L8: =IFERROR(SQRT((B8-Cluster!$C$3)^2+(C8-Cluster!$D$3)^2+(D8-Cluster!$E$3)^2),"") -> 1.4790199 | M8: =IFERROR(SQRT((B8-Cluster!$C$4)^2+(C8-Cluster!$D$4)^2+(D8-Cluster!$E$4)^2),"") -> 2.8613808 | O8: =IF(K8=MIN(K8,L8,M8),1,IF(L8=MIN(K8,L8,M8),2,3)) -> 2 | R8: =IFERROR(SQRT((B8-Cluster!$C$7)^2+(C8-Cluster!$D$7)^2+(D8-Cluster!$E$7)^2),"") -> 2.7726341 | S8: =IFERROR(SQRT((B8-Cluster!$C$8)^2+(C8-Cluster!$D$8)^2+(D8-Cluster!$E$8)^2),"") -> 2.8394542 | T8: =IFERROR(SQRT((B8-Cluster!$C$9)^2+(C8-Cluster!$D$9)^2+(D8-Cluster!$E$9)^2),"") -> 3.4820971 | V8: =IF(R8=MIN(R8,S8,T8),1,IF(S8=MIN(R8,S8,T8),2,3)) -> 1 | Y8: =IFERROR(SQRT((B8-Cluster!$C$12)^2+(C8-Cluster!$D$12)^2+(D8-Cluster!$E$12)^2),"") -> 2.6809513 | Z8: =IFERROR(SQRT((B8-Cluster!$C$13)^2+(C8-Cluster!$D$13)^2+(D8-Cluster!$E$13)^2),"") -> 2.0916501 | AA8: =IFERROR(SQRT((B8-Cluster!$C$14)^2+(C8-Cluster!$D$14)^2+(D8-Cluster!$E$14)^2),"") -> 1.2990381 | AC8: =IF(Y8=MIN(Y8,Z8,AA8),1,IF(Z8=MIN(Z8,Z8,AA8),2,3)) -> 3 | AF8: =IFERROR(SQRT((B8-Cluster!$C$17)^2+(C8-Cluster!$D$17)^2+(D8-Cluster!$E$17)^2),"") -> 2.2107691 | AG8: =IFERROR(SQRT((B8-Cluster!$C$18)^2+(C8-Cluster!$D$18)^2+(D8-Cluster!$E$18)^2),"") -> 3.0045798 | AH8: =IFERROR(SQRT((B8-Cluster!$C$19)^2+(C8-Cluster!$D$19)^2+(D8-Cluster!$E$19)^2),"") -> 1.0234745 | AJ8: =IF(AF8=MIN(AF8,AG8,AH8),1,IF(AG8=MIN(AF8,AG8,AH8),2,3)) -> 3
A9: R8 | B9: =IFERROR(AVERAGE('Form Responses 1'!E9:H9), "") -> 3 | C9: =IFERROR(AVERAGE('Form Responses 1'!I9:L9), "") -> 2 | D9: =IFERROR(AVERAGE('Form Responses 1'!M9:P9), "") -> 1.75 | E9: {=MAX('Form Responses 1'!E9,'Form Responses 1'!I9,'Form Responses 1'!M9)&" - "&INDEX({"ChatGPT","Gemini","Claude"},MATCH(MAX('Form Responses 1'!E9,'Form Responses 1'!I9,'Form Responses 1'!M9),{'Form Responses 1'!E9,'Form Responses 1'!I9,'Form Responses 1'!M9},0))} -> 3 - ChatGPT | F9: {=MAX('Form Responses 1'!F9,'Form Responses 1'!J9,'Form Responses 1'!N9)&" - "&INDEX({"ChatGPT","Gemini","Claude"},MATCH(MAX('Form Responses 1'!F9,'Form Responses 1'!J9,'Form Responses 1'!N9),{'Form Responses 1'!F9,'Form Responses 1'!J9,'Form Responses 1'!N9},0))} -> 3 - ChatGPT | G9: {=MAX('Form Responses 1'!G9,'Form Responses 1'!K9,'Form Responses 1'!O9)&" - "&INDEX({"ChatGPT","Gemini","Claude"},MATCH(MAX('Form Responses 1'!G9,'Form Responses 1'!K9,'Form Responses 1'!O9),{'Form Responses 1'!G9,'Form Responses 1'!K9,'Form Responses 1'!O9},0))} -> 3 - ChatGPT | H9: {=MAX('Form Responses 1'!H9,'Form Responses 1'!L9,'Form Responses 1'!P9)&" - "&INDEX({"ChatGPT","Gemini","Claude"},MATCH(MAX('Form Responses 1'!H9,'Form Responses 1'!L9,'Form Responses 1'!P9),{'Form Responses 1'!H9,'Form Responses 1'!L9,'Form Responses 1'!P9},0))} -> 3 - ChatGPT | K9: =IFERROR(SQRT((B9-Cluster!$C$2)^2+(C9-Cluster!$D$2)^2+(D9-Cluster!$E$2)^2),"") -> 2.3584953 | L9: =IFERROR(SQRT((B9-Cluster!$C$3)^2+(C9-Cluster!$D$3)^2+(D9-Cluster!$E$3)^2),"") -> 2.6575365 | M9: =IFERROR(SQRT((B9-Cluster!$C$4)^2+(C9-Cluster!$D$4)^2+(D9-Cluster!$E$4)^2),"") -> 2.3584953 | O9: =IF(K9=MIN(K9,L9,M9),1,IF(L9=MIN(K9,L9,M9),2,3)) -> 1 | R9: =IFERROR(SQRT((B9-Cluster!$C$7)^2+(C9-Cluster!$D$7)^2+(D9-Cluster!$E$7)^2),"") -> 2.076656 | S9: =IFERROR(SQRT((B9-Cluster!$C$8)^2+(C9-Cluster!$D$8)^2+(D9-Cluster!$E$8)^2),"") -> 3.132491 | T9: =IFERROR(SQRT((B9-Cluster!$C$9)^2+(C9-Cluster!$D$9)^2+(D9-Cluster!$E$9)^2),"") -> 3.8890873 | V9: =IF(R9=MIN(R9,S9,T9),1,IF(S9=MIN(R9,S9,T9),2,3)) -> 1 | Y9: =IFERROR(SQRT((B9-Cluster!$C$12)^2+(C9-Cluster!$D$12)^2+(D9-Cluster!$E$12)^2),"") -> 1.25 | Z9: =IFERROR(SQRT((B9-Cluster!$C$13)^2+(C9-Cluster!$D$13)^2+(D9-Cluster!$E$13)^2),"") -> 2.806243 | AA9: =IFERROR(SQRT((B9-Cluster!$C$14)^2+(C9-Cluster!$D$14)^2+(D9-Cluster!$E$14)^2),"") -> 2.926175 | AC9: =IF(Y9=MIN(Y9,Z9,AA9),1,IF(Z9=MIN(Z9,Z9,AA9),2,3)) -> 1 | AF9: =IFERROR(SQRT((B9-Cluster!$C$17)^2+(C9-Cluster!$D$17)^2+(D9-Cluster!$E$17)^2),"") -> 0.95524866 | AG9: =IFERROR(SQRT((B9-Cluster!$C$18)^2+(C9-Cluster!$D$18)^2+(D9-Cluster!$E$18)^2),"") -> 3.45 | AH9: =IFERROR(SQRT((B9-Cluster!$C$19)^2+(C9-Cluster!$D$19)^2+(D9-Cluster!$E$19)^2),"") -> 2.9278832 | AJ9: =IF(AF9=MIN(AF9,AG9,AH9),1,IF(AG9=MIN(AF9,AG9,AH9),2,3)) -> 1
A10: R9 | B10: =IFERROR(AVERAGE('Form Responses 1'!E10:H10), "") -> 2.5 | C10: =IFERROR(AVERAGE('Form Responses 1'!I10:L10), "") -> 2.5 | D10: =IFERROR(AVERAGE('Form Responses 1'!M10:P10), "") -> 3 | E10: {=MAX('Form Responses 1'!E10,'Form Responses 1'!I10,'Form Responses 1'!M10)&" - "&INDEX({"ChatGPT","Gemini","Claude"},MATCH(MAX('Form Responses 1'!E10,'Form Responses 1'!I10,'Form Responses 1'!M10),{'Form Responses 1'!E10,'Form Responses 1'!I10,'Form Responses 1'!M10},0))} -> 4 - Claude | F10: {=MAX('Form Responses 1'!F10,'Form Responses 1'!J10,'Form Responses 1'!N10)&" - "&INDEX({"ChatGPT","Gemini","Claude"},MATCH(MAX('Form Responses 1'!F10,'Form Responses 1'!J10,'Form Responses 1'!N10),{'Form Responses 1'!F10,'Form Responses 1'!J10,'Form Responses 1'!N10},0))} -> 2 - ChatGPT | G10: {=MAX('Form Responses 1'!G10,'Form Responses 1'!K10,'Form Responses 1'!O10)&" - "&INDEX({"ChatGPT","Gemini","Claude"},MATCH(MAX('Form Responses 1'!G10,'Form Responses 1'!K10,'Form Responses 1'!O10),{'Form Responses 1'!G10,'Form Responses 1'!K10,'Form Responses 1'!O10},0))} -> 2 - ChatGPT | H10: {=MAX('Form Responses 1'!H10,'Form Responses 1'!L10,'Form Responses 1'!P10)&" - "&INDEX({"ChatGPT","Gemini","Claude"},MATCH(MAX('Form Responses 1'!H10,'Form Responses 1'!L10,'Form Responses 1'!P10),{'Form Responses 1'!H10,'Form Responses 1'!L10,'Form Responses 1'!P10},0))} -> 4 - Claude | K10: =IFERROR(SQRT((B10-Cluster!$C$2)^2+(C10-Cluster!$D$2)^2+(D10-Cluster!$E$2)^2),"") -> 2.9154759 | L10: =IFERROR(SQRT((B10-Cluster!$C$3)^2+(C10-Cluster!$D$3)^2+(D10-Cluster!$E$3)^2),"") -> 1.2247449 | M10: =IFERROR(SQRT((B10-Cluster!$C$4)^2+(C10-Cluster!$D$4)^2+(D10-Cluster!$E$4)^2),"") -> 3.2403703 | O10: =IF(K10=MIN(K10,L10,M10),1,IF(L10=MIN(K10,L10,M10),2,3)) -> 2 | R10: =IFERROR(SQRT((B10-Cluster!$C$7)^2+(C10-Cluster!$D$7)^2+(D10-Cluster!$E$7)^2),"") -> 2.8722813 | S10: =IFERROR(SQRT((B10-Cluster!$C$8)^2+(C10-Cluster!$D$8)^2+(D10-Cluster!$E$8)^2),"") -> 3.0618622 | T10: =IFERROR(SQRT((B10-Cluster!$C$9)^2+(C10-Cluster!$D$9)^2+(D10-Cluster!$E$9)^2),"") -> 2.795085 | V10: =IF(R10=MIN(R10,S10,T10),1,IF(S10=MIN(R10,S10,T10),2,3)) -> 3 | Y10: =IFERROR(SQRT((B10-Cluster!$C$12)^2+(C10-Cluster!$D$12)^2+(D10-Cluster!$E$12)^2),"") -> 2.5495098 | Z10: =IFERROR(SQRT((B10-Cluster!$C$13)^2+(C10-Cluster!$D$13)^2+(D10-Cluster!$E$13)^2),"") -> 2.4622144 | AA10: =IFERROR(SQRT((B10-Cluster!$C$14)^2+(C10-Cluster!$D$14)^2+(D10-Cluster!$E$14)^2),"") -> 1.6583124 | AC10: =IF(Y10=MIN(Y10,Z10,AA10),1,IF(Z10=MIN(Z10,Z10,AA10),2,3)) -> 3 | AF10: =IFERROR(SQRT((B10-Cluster!$C$17)^2+(C10-Cluster!$D$17)^2+(D10-Cluster!$E$17)^2),"") -> 2.1095023 | AG10: =IFERROR(SQRT((B10-Cluster!$C$18)^2+(C10-Cluster!$D$18)^2+(D10-Cluster!$E$18)^2),"") -> 2.9223278 | AH10: =IFERROR(SQRT((B10-Cluster!$C$19)^2+(C10-Cluster!$D$19)^2+(D10-Cluster!$E$19)^2),"") -> 1.9646883 | AJ10: =IF(AF10=MIN(AF10,AG10,AH10),1,IF(AG10=MIN(AF10,AG10,AH10),2,3)) -> 3
A11: R10 | B11: =IFERROR(AVERAGE('Form Responses 1'!E11:H11), "") -> 4 | C11: =IFERROR(AVERAGE('Form Responses 1'!I11:L11), "") -> 3.75 | D11: =IFERROR(AVERAGE('Form Responses 1'!M11:P11), "") -> 4 | E11: {=MAX('Form Responses 1'!E11,'Form Responses 1'!I11,'Form Responses 1'!M11)&" - "&INDEX({"ChatGPT","Gemini","Claude"},MATCH(MAX('Form Responses 1'!E11,'Form Responses 1'!I11,'Form Responses 1'!M11),{'Form Responses 1'!E11,'Form Responses 1'!I11,'Form Responses 1'!M11},0))} -> 4 - ChatGPT | F11: {=MAX('Form Responses 1'!F11,'Form Responses 1'!J11,'Form Responses 1'!N11)&" - "&INDEX({"ChatGPT","Gemini","Claude"},MATCH(MAX('Form Responses 1'!F11,'Form Responses 1'!J11,'Form Responses 1'!N11),{'Form Responses 1'!F11,'Form Responses 1'!J11,'Form Responses 1'!N11},0))} -> 4 - ChatGPT | G11: {=MAX('Form Responses 1'!G11,'Form Responses 1'!K11,'Form Responses 1'!O11)&" - "&INDEX({"ChatGPT","Gemini","Claude"},MATCH(MAX('Form Responses 1'!G11,'Form Responses 1'!K11,'Form Responses 1'!O11),{'Form Responses 1'!G11,'Form Responses 1'!K11,'Form Responses 1'!O11},0))} -> 5 - ChatGPT | H11: {=MAX('Form Responses 1'!H11,'Form Responses 1'!L11,'Form Responses 1'!P11)&" - "&INDEX({"ChatGPT","Gemini","Claude"},MATCH(MAX('Form Responses 1'!H11,'Form Responses 1'!L11,'Form Responses 1'!P11),{'Form Responses 1'!H11,'Form Responses 1'!L11,'Form Responses 1'!P11},0))} -> 5 - Claude | K11: =IFERROR(SQRT((B11-Cluster!$C$2)^2+(C11-Cluster!$D$2)^2+(D11-Cluster!$E$2)^2),"") -> 5.0559371 | L11: =IFERROR(SQRT((B11-Cluster!$C$3)^2+(C11-Cluster!$D$3)^2+(D11-Cluster!$E$3)^2),"") -> 2.1360009 | M11: =IFERROR(SQRT((B11-Cluster!$C$4)^2+(C11-Cluster!$D$4)^2+(D11-Cluster!$E$4)^2),"") -> 3.25 | O11: =IF(K11=MIN(K11,L11,M11),1,IF(L11=MIN(K11,L11,M11),2,3)) -> 2 | R11: =IFERROR(SQRT((B11-Cluster!$C$7)^2+(C11-Cluster!$D$7)^2+(D11-Cluster!$E$7)^2),"") -> 3.1721444 | S11: =IFERROR(SQRT((B11-Cluster!$C$8)^2+(C11-Cluster!$D$8)^2+(D11-Cluster!$E$8)^2),"") -> 3.49106 | T11: =IFERROR(SQRT((B11-Cluster!$C$9)^2+(C11-Cluster!$D$9)^2+(D11-Cluster!$E$9)^2),"") -> 4.0311289 | V11: =IF(R11=MIN(R11,S11,T11),1,IF(S11=MIN(R11,S11,T11),2,3)) -> 1 | Y11: =IFERROR(SQRT((B11-Cluster!$C$12)^2+(C11-Cluster!$D$12)^2+(D11-Cluster!$E$12)^2),"") -> 3.473111 | Z11: =IFERROR(SQRT((B11-Cluster!$C$13)^2+(C11-Cluster!$D$13)^2+(D11-Cluster!$E$13)^2),"") -> 2.6925824 | AA11: =IFERROR(SQRT((B11-Cluster!$C$14)^2+(C11-Cluster!$D$14)^2+(D11-Cluster!$E$14)^2),"") -> 1.3462912 | AC11: =IF(Y11=MIN(Y11,Z11,AA11),1,IF(Z11=MIN(Z11,Z11,AA11),2,3)) -> 3 | AF11: =IFERROR(SQRT((B11-Cluster!$C$17)^2+(C11-Cluster!$D$17)^2+(D11-Cluster!$E$17)^2),"") -> 3.0923292 | AG11: =IFERROR(SQRT((B11-Cluster!$C$18)^2+(C11-Cluster!$D$18)^2+(D11-Cluster!$E$18)^2),"") -> 3.7553295 | AH11: =IFERROR(SQRT((B11-Cluster!$C$19)^2+(C11-Cluster!$D$19)^2+(D11-Cluster!$E$19)^2),"") -> 0.35 | AJ11: =IF(AF11=MIN(AF11,AG11,AH11),1,IF(AG11=MIN(AF11,AG11,AH11),2,3)) -> 3
A12: R11 | B12: =IFERROR(AVERAGE('Form Responses 1'!E12:H12), "") -> 4.25 | C12: =IFERROR(AVERAGE('Form Responses 1'!I12:L12), "") -> 3.75 | D12: =IFERROR(AVERAGE('Form Responses 1'!M12:P12), "") -> 5 | E12: {=MAX('Form Responses 1'!E12,'Form Responses 1'!I12,'Form Responses 1'!M12)&" - "&INDEX({"ChatGPT","Gemini","Claude"},MATCH(MAX('Form Responses 1'!E12,'Form Responses 1'!I12,'Form Responses 1'!M12),{'Form Responses 1'!E12,'Form Responses 1'!I12,'Form Responses 1'!M12},0))} -> 5 - ChatGPT | F12: {=MAX('Form Responses 1'!F12,'Form Responses 1'!J12,'Form Responses 1'!N12)&" - "&INDEX({"ChatGPT","Gemini","Claude"},MATCH(MAX('Form Responses 1'!F12,'Form Responses 1'!J12,'Form Responses 1'!N12),{'Form Responses 1'!F12,'Form Responses 1'!J12,'Form Responses 1'!N12},0))} -> 5 - ChatGPT | G12: {=MAX('Form Responses 1'!G12,'Form Responses 1'!K12,'Form Responses 1'!O12)&" - "&INDEX({"ChatGPT","Gemini","Claude"},MATCH(MAX('Form Responses 1'!G12,'Form Responses 1'!K12,'Form Responses 1'!O12),{'Form Responses 1'!G12,'Form Responses 1'!K12,'Form Responses 1'!O12},0))} -> 5 - Claude | H12: {=MAX('Form Responses 1'!H12,'Form Responses 1'!L12,'Form Responses 1'!P12)&" - "&INDEX({"ChatGPT","Gemini","Claude"},MATCH(MAX('Form Responses 1'!H12,'Form Responses 1'!L12,'Form Responses 1'!P12),{'Form Responses 1'!H12,'Form Responses 1'!L12,'Form Responses 1'!P12},0))} -> 5 - Gemini | K12: =IFERROR(SQRT((B12-Cluster!$C$2)^2+(C12-Cluster!$D$2)^2+(D12-Cluster!$E$2)^2),"") -> 5.8416607 | L12: =IFERROR(SQRT((B12-Cluster!$C$3)^2+(C12-Cluster!$D$3)^2+(D12-Cluster!$E$3)^2),"") -> 2.5739075 | M12: =IFERROR(SQRT((B12-Cluster!$C$4)^2+(C12-Cluster!$D$4)^2+(D12-Cluster!$E$4)^2),"") -> 4.1382363 | O12: =IF(K12=MIN(K12,L12,M12),1,IF(L12=MIN(K12,L12,M12),2,3)) -> 2 | R12: =IFERROR(SQRT((B12-Cluster!$C$7)^2+(C12-Cluster!$D$7)^2+(D12-Cluster!$E$7)^2),"") -> 3.8242646 | S12: =IFERROR(SQRT((B12-Cluster!$C$8)^2+(C12-Cluster!$D$8)^2+(D12-Cluster!$E$8)^2),"") -> 4.4300113 | T12: =IFERROR(SQRT((B12-Cluster!$C$9)^2+(C12-Cluster!$D$9)^2+(D12-Cluster!$E$9)^2),"") -> 4.1003049 | V12: =IF(R12=MIN(R12,S12,T12),1,IF(S12=MIN(R12,S12,T12),2,3)) -> 1 | Y12: =IFERROR(SQRT((B12-Cluster!$C$12)^2+(C12-Cluster!$D$12)^2+(D12-Cluster!$E$12)^2),"") -> 4.3732139 | Z12: =IFERROR(SQRT((B12-Cluster!$C$13)^2+(C12-Cluster!$D$13)^2+(D12-Cluster!$E$13)^2),"") -> 3.6142081 | AA12: =IFERROR(SQRT((B12-Cluster!$C$14)^2+(C12-Cluster!$D$14)^2+(D12-Cluster!$E$14)^2),"") -> 1.5411035 | AC12: =IF(Y12=MIN(Y12,Z12,AA12),1,IF(Z12=MIN(Z12,Z12,AA12),2,3)) -> 3 | AF12: =IFERROR(SQRT((B12-Cluster!$C$17)^2+(C12-Cluster!$D$17)^2+(D12-Cluster!$E$17)^2),"") -> 4.0527768 | AG12: =IFERROR(SQRT((B12-Cluster!$C$18)^2+(C12-Cluster!$D$18)^2+(D12-Cluster!$E$18)^2),"") -> 4.5458773 | AH12: =IFERROR(SQRT((B12-Cluster!$C$19)^2+(C12-Cluster!$D$19)^2+(D12-Cluster!$E$19)^2),"") -> 1.0653638 | AJ12: =IF(AF12=MIN(AF12,AG12,AH12),1,IF(AG12=MIN(AF12,AG12,AH12),2,3)) -> 3
A13: R12 | B13: =IFERROR(AVERAGE('Form Responses 1'!E13:H13), "") -> 2.75 | C13: =IFERROR(AVERAGE('Form Responses 1'!I13:L13), "") -> 3.75 | D13: =IFERROR(AVERAGE('Form Responses 1'!M13:P13), "") -> 5 | E13: {=MAX('Form Responses 1'!E13,'Form Responses 1'!I13,'Form Responses 1'!M13)&" - "&INDEX({"ChatGPT","Gemini","Claude"},MATCH(MAX('Form Responses 1'!E13,'Form Responses 1'!I13,'Form Responses 1'!M13),{'Form Responses 1'!E13,'Form Responses 1'!I13,'Form Responses 1'!M13},0))} -> 5 - Claude | F13: {=MAX('Form Responses 1'!F13,'Form Responses 1'!J13,'Form Responses 1'!N13)&" - "&INDEX({"ChatGPT","Gemini","Claude"},MATCH(MAX('Form Responses 1'!F13,'Form Responses 1'!J13,'Form Responses 1'!N13),{'Form Responses 1'!F13,'Form Responses 1'!J13,'Form Responses 1'!N13},0))} -> 5 - Claude | G13: {=MAX('Form Responses 1'!G13,'Form Responses 1'!K13,'Form Responses 1'!O13)&" - "&INDEX({"ChatGPT","Gemini","Claude"},MATCH(MAX('Form Responses 1'!G13,'Form Responses 1'!K13,'Form Responses 1'!O13),{'Form Responses 1'!G13,'Form Responses 1'!K13,'Form Responses 1'!O13},0))} -> 5 - Claude | H13: {=MAX('Form Responses 1'!H13,'Form Responses 1'!L13,'Form Responses 1'!P13)&" - "&INDEX({"ChatGPT","Gemini","Claude"},MATCH(MAX('Form Responses 1'!H13,'Form Responses 1'!L13,'Form Responses 1'!P13),{'Form Responses 1'!H13,'Form Responses 1'!L13,'Form Responses 1'!P13},0))} -> 5 - Claude | K13: =IFERROR(SQRT((B13-Cluster!$C$2)^2+(C13-Cluster!$D$2)^2+(D13-Cluster!$E$2)^2),"") -> 5.1599419 | L13: =IFERROR(SQRT((B13-Cluster!$C$3)^2+(C13-Cluster!$D$3)^2+(D13-Cluster!$E$3)^2),"") -> 1.457738 | M13: =IFERROR(SQRT((B13-Cluster!$C$4)^2+(C13-Cluster!$D$4)^2+(D13-Cluster!$E$4)^2),"") -> 4.6502688 | O13: =IF(K13=MIN(K13,L13,M13),1,IF(L13=MIN(K13,L13,M13),2,3)) -> 2 | R13: =IFERROR(SQRT((B13-Cluster!$C$7)^2+(C13-Cluster!$D$7)^2+(D13-Cluster!$E$7)^2),"") -> 4.3732139 | S13: =IFERROR(SQRT((B13-Cluster!$C$8)^2+(C13-Cluster!$D$8)^2+(D13-Cluster!$E$8)^2),"") -> 3.9843444 | T13: =IFERROR(SQRT((B13-Cluster!$C$9)^2+(C13-Cluster!$D$9)^2+(D13-Cluster!$E$9)^2),"") -> 3.0516389 | V13: =IF(R13=MIN(R13,S13,T13),1,IF(S13=MIN(R13,S13,T13),2,3)) -> 3 | Y13: =IFERROR(SQRT((B13-Cluster!$C$12)^2+(C13-Cluster!$D$12)^2+(D13-Cluster!$E$12)^2),"") -> 4.5414755 | Z13: =IFERROR(SQRT((B13-Cluster!$C$13)^2+(C13-Cluster!$D$13)^2+(D13-Cluster!$E$13)^2),"") -> 3.1721444 | AA13: =IFERROR(SQRT((B13-Cluster!$C$14)^2+(C13-Cluster!$D$14)^2+(D13-Cluster!$E$14)^2),"") -> 0.93541435 | AC13: =IF(Y13=MIN(Y13,Z13,AA13),1,IF(Z13=MIN(Z13,Z13,AA13),2,3)) -> 3 | AF13: =IFERROR(SQRT((B13-Cluster!$C$17)^2+(C13-Cluster!$D$17)^2+(D13-Cluster!$E$17)^2),"") -> 4.089621 | AG13: =IFERROR(SQRT((B13-Cluster!$C$18)^2+(C13-Cluster!$D$18)^2+(D13-Cluster!$E$18)^2),"") -> 3.6283605 | AH13: =IFERROR(SQRT((B13-Cluster!$C$19)^2+(C13-Cluster!$D$19)^2+(D13-Cluster!$E$19)^2),"") -> 1.317194 | AJ13: =IF(AF13=MIN(AF13,AG13,AH13),1,IF(AG13=MIN(AF13,AG13,AH13),2,3)) -> 3
... A28: R27 | B28: =IFERROR(AVERAGE('Form Responses 1'!E28:H28), "") -> 2.25 | C28: =IFERROR(AVERAGE('Form Responses 1'!I28:L28), "") -> 4 | D28: =IFERROR(AVERAGE('Form Responses 1'!M28:P28), "") -> 3.25 | E28: {=MAX('Form Responses 1'!E28,'Form Responses 1'!I28,'Form Responses 1'!M28)&" - "&INDEX({"ChatGPT","Gemini","Claude"},MATCH(MAX('Form Responses 1'!E28,'Form Responses 1'!I28,'Form Responses 1'!M28),{'Form Responses 1'!E28,'Form Responses 1'!I28,'Form Responses 1'!M28},0))} -> 4 - Gemini | F28: {=MAX('Form Responses 1'!F28,'Form Responses 1'!J28,'Form Responses 1'!N28)&" - "&INDEX({"ChatGPT","Gemini","Claude"},MATCH(MAX('Form Responses 1'!F28,'Form Responses 1'!J28,'Form Responses 1'!N28),{'Form Responses 1'!F28,'Form Responses 1'!J28,'Form Responses 1'!N28},0))} -> 4 - Gemini | G28: {=MAX('Form Responses 1'!G28,'Form Responses 1'!K28,'Form Responses 1'!O28)&" - "&INDEX({"ChatGPT","Gemini","Claude"},MATCH(MAX('Form Responses 1'!G28,'Form Responses 1'!K28,'Form Responses 1'!O28),{'Form Responses 1'!G28,'Form Responses 1'!K28,'Form Responses 1'!O28},0))} -> 4 - Gemini | H28: {=MAX('Form Responses 1'!H28,'Form Responses 1'!L28,'Form Responses 1'!P28)&" - "&INDEX({"ChatGPT","Gemini","Claude"},MATCH(MAX('Form Responses 1'!H28,'Form Responses 1'!L28,'Form Responses 1'!P28),{'Form Responses 1'!H28,'Form Responses 1'!L28,'Form Responses 1'!P28},0))} -> 4 - Gemini | K28: =IFERROR(SQRT((B28-Cluster!$C$2)^2+(C28-Cluster!$D$2)^2+(D28-Cluster!$E$2)^2),"") -> 3.9528471 | L28: =IFERROR(SQRT((B28-Cluster!$C$3)^2+(C28-Cluster!$D$3)^2+(D28-Cluster!$E$3)^2),"") -> 1.2747549 | M28: =IFERROR(SQRT((B28-Cluster!$C$4)^2+(C28-Cluster!$D$4)^2+(D28-Cluster!$E$4)^2),"") -> 3.6912058 | O28: =IF(K28=MIN(K28,L28,M28),1,IF(L28=MIN(K28,L28,M28),2,3)) -> 2 | R28: =IFERROR(SQRT((B28-Cluster!$C$7)^2+(C28-Cluster!$D$7)^2+(D28-Cluster!$E$7)^2),"") -> 3.9210968 | S28: =IFERROR(SQRT((B28-Cluster!$C$8)^2+(C28-Cluster!$D$8)^2+(D28-Cluster!$E$8)^2),"") -> 2.236068 | T28: =IFERROR(SQRT((B28-Cluster!$C$9)^2+(C28-Cluster!$D$9)^2+(D28-Cluster!$E$9)^2),"") -> 3.49106 | V28: =IF(R28=MIN(R28,S28,T28),1,IF(S28=MIN(R28,S28,T28),2,3)) -> 2 | Y28: =IFERROR(SQRT((B28-Cluster!$C$12)^2+(C28-Cluster!$D$12)^2+(D28-Cluster!$E$12)^2),"") -> 3.4820971 | Z28: =IFERROR(SQRT((B28-Cluster!$C$13)^2+(C28-Cluster!$D$13)^2+(D28-Cluster!$E$13)^2),"") -> 1.4790199 | AA28: =IFERROR(SQRT((B28-Cluster!$C$14)^2+(C28-Cluster!$D$14)^2+(D28-Cluster!$E$14)^2),"") -> 1.767767 | AC28: =IF(Y28=MIN(Y28,Z28,AA28),1,IF(Z28=MIN(Z28,Z28,AA28),2,3)) -> 2 | AF28: =IFERROR(SQRT((B28-Cluster!$C$17)^2+(C28-Cluster!$D$17)^2+(D28-Cluster!$E$17)^2),"") -> 2.87663 | AG28: =IFERROR(SQRT((B28-Cluster!$C$18)^2+(C28-Cluster!$D$18)^2+(D28-Cluster!$E$18)^2),"") -> 1.9403608 | AH28: =IFERROR(SQRT((B28-Cluster!$C$19)^2+(C28-Cluster!$D$19)^2+(D28-Cluster!$E$19)^2),"") -> 1.7277153 | AJ28: =IF(AF28=MIN(AF28,AG28,AH28),1,IF(AG28=MIN(AF28,AG28,AH28),2,3)) -> 3
A29: R28 | B29: =IFERROR(AVERAGE('Form Responses 1'!E44:H44), "") | C29: =IFERROR(AVERAGE('Form Responses 1'!I44:L44), "") | D29: =IFERROR(AVERAGE('Form Responses 1'!M44:P44), "")
A30: R29 | B30: =IFERROR(AVERAGE('Form Responses 1'!E45:H45), "") | C30: =IFERROR(AVERAGE('Form Responses 1'!I45:L45), "") | D30: =IFERROR(AVERAGE('Form Responses 1'!M45:P45), "")
A31: R30 | B31: =IFERROR(AVERAGE('Form Responses 1'!E46:H46), "") | C31: =IFERROR(AVERAGE('Form Responses 1'!I46:L46), "") | D31: =IFERROR(AVERAGE('Form Responses 1'!M46:P46), "")
A32: R31 | B32: =IFERROR(AVERAGE('Form Responses 1'!E47:H47), "") | C32: =IFERROR(AVERAGE('Form Responses 1'!I47:L47), "") | D32: =IFERROR(AVERAGE('Form Responses 1'!M47:P47), "")
A33: R32 | B33: =IFERROR(AVERAGE('Form Responses 1'!E48:H48), "") | C33: =IFERROR(AVERAGE('Form Responses 1'!I48:L48), "") | D33: =IFERROR(AVERAGE('Form Responses 1'!M48:P48), "")
A34: R33 | B34: =IFERROR(AVERAGE('Form Responses 1'!E49:H49), "") | C34: =IFERROR(AVERAGE('Form Responses 1'!I49:L49), "") | D34: =IFERROR(AVERAGE('Form Responses 1'!M49:P49), "")
A35: R34 | B35: =IFERROR(AVERAGE('Form Responses 1'!E50:H50), "") | C35: =IFERROR(AVERAGE('Form Responses 1'!I50:L50), "") | D35: =IFERROR(AVERAGE('Form Responses 1'!M50:P50), "")
A36: R35 | B36: =IFERROR(AVERAGE('Form Responses 1'!E51:H51), "") | C36: =IFERROR(AVERAGE('Form Responses 1'!I51:L51), "") | D36: =IFERROR(AVERAGE('Form Responses 1'!M51:P51), "")
A37: R36 | B37: =IFERROR(AVERAGE('Form Responses 1'!E52:H52), "") | C37: =IFERROR(AVERAGE('Form Responses 1'!I52:L52), "") | D37: =IFERROR(AVERAGE('Form Responses 1'!M52:P52), "")
A38: R37 | B38: =IFERROR(AVERAGE('Form Responses 1'!E53:H53), "") | C38: =IFERROR(AVERAGE('Form Responses 1'!I53:L53), "") | D38: =IFERROR(AVERAGE('Form Responses 1'!M53:P53), "")
A39: R38 | B39: =IFERROR(AVERAGE('Form Responses 1'!E54:H54), "") | C39: =IFERROR(AVERAGE('Form Responses 1'!I54:L54), "") | D39: =IFERROR(AVERAGE('Form Responses 1'!M54:P54), "")
A40: R39 | B40: =IFERROR(AVERAGE('Form Responses 1'!E55:H55), "") | C40: =IFERROR(AVERAGE('Form Responses 1'!I55:L55), "") | D40: =IFERROR(AVERAGE('Form Responses 1'!M55:P55), "")
... A147: R146 | B147: =IFERROR(AVERAGE('Form Responses 1'!E162:H162), "") | C147: =IFERROR(AVERAGE('Form Responses 1'!I162:L162), "") | D147: =IFERROR(AVERAGE('Form Responses 1'!M162:P162), "")

Sheet Cluster
A1: Iterasi | B1: Cluster | C1: ChatGPT | D1: Gemini | E1: Claude | I1: Chatgpt
A2: 1 | B2: C1 | C2: 1 | D2: 1 | E2: 1 | I2: =AVERAGE('Form Responses 1'!E2:H2) -> 2
B3: C2 | C3: 2 | D3: 3 | E3: 4 | I3: =AVERAGE('Form Responses 1'!E3:H3) -> 3.5
B4: C3 | C4: 5 | D4: 3 | E4: 1 | I4: =AVERAGE('Form Responses 1'!E4:H4) -> 4
I5: =AVERAGE('Form Responses 1'!E5:H5) -> 5
I6: =AVERAGE('Form Responses 1'!E6:H6) -> 3.75
A7: 2 | B7: C1 | C7: 5 | D7: 1.5 | E7: 2 | I7: =AVERAGE('Form Responses 1'!E7:H7) -> 4.5
B8: C2 | C8: 2.25 | D8: 5 | E8: 1.25 | I8: =AVERAGE('Form Responses 1'!E8:H8) -> 3.25
B9: C3 | C9: 1 | D9: 1.25 | E9: 5 | I9: =AVERAGE('Form Responses 1'!E9:H9) -> 3
I10: =AVERAGE('Form Responses 1'!E10:H10) -> 2.5
I11: =AVERAGE('Form Responses 1'!E11:H11) -> 4
A12: 3 | B12: C1 | C12: 4 | D12: 2 | E12: 1 | I12: =AVERAGE('Form Responses 1'!E12:H12) -> 4.25
B13: C2 | C13: 2.5 | D13: 4.75 | E13: 2 | I13: =AVERAGE('Form Responses 1'!E13:H13) -> 2.75
B14: C3 | C14: 3 | D14: 3 | E14: 4.5 | I14: =AVERAGE('Form Responses 1'!E14:H14) -> 3.75
I15: =AVERAGE('Form Responses 1'!E15:H15) -> 5
I16: =AVERAGE('Form Responses 1'!E16:H16) -> 1.75
A17: 4 | B17: C1 | C17: 3.6 | D17: 2.5 | E17: 1.2 | I17: =AVERAGE('Form Responses 1'!E17:H17) -> 3.5
B18: C2 | C18: 1 | D18: 4.8 | E18: 2 | I18: =AVERAGE('Form Responses 1'!E18:H18) -> 3.25
B19: C3 | C19: 3.7 | D19: 3.6 | E19: 4.1 | I19: =AVERAGE('Form Responses 1'!E19:H19) -> 4
I20: =AVERAGE('Form Responses 1'!E20:H20) -> 1.75
